{
    "results": {
        "tool": {
            "name": "pytest",
            "version": "8.4.1"
        },
        "summary": {
            "tests": 2,
            "passed": 2,
            "failed": 0,
            "skipped": 0,
            "pending": 0,
            "other": 0,
            "start": 1772282938.7088554,
            "stop": 1772282938.8042157
        },
        "tests": [
            {
                "name": "test_outputs.py::test_output_file_exists",
                "status": "passed",
                "duration": 0.0010688189649954438,
                "start": 1772282938.8008356,
                "stop": 1772282938.802403,
                "retries": 0,
                "file_path": "test_outputs.py"
            },
            {
                "name": "test_outputs.py::test_output_is_correct",
                "status": "passed",
                "duration": 0.0007524099200963974,
                "start": 1772282938.8027568,
                "stop": 1772282938.8038392,
                "retries": 0,
                "file_path": "test_outputs.py"
            }
        ]
    }
}