{
    "results": {
        "tool": {
            "name": "pytest",
            "version": "8.4.1"
        },
        "summary": {
            "tests": 1,
            "passed": 1,
            "failed": 0,
            "skipped": 0,
            "pending": 0,
            "other": 0,
            "start": 1772280264.3344502,
            "stop": 1772280264.3530538
        },
        "tests": [
            {
                "name": "test_outputs.py::test_attack",
                "status": "passed",
                "duration": 0.0008561840513721108,
                "start": 1772280264.351593,
                "stop": 1772280264.352918,
                "retries": 0,
                "file_path": "test_outputs.py"
            }
        ]
    }
}